to,subject,body
sara@example.com,Product demonstration for your team at [Company Name],"Hi Sara,

I hope you're having a great week. With a team of 20, I imagine streamlining your workflow is a top priority for you right now.

I'd love to show you how our solution can fit comfortably within your $6,000 budget while delivering strong ROI for your team. Do you have 15 minutes next week for a quick, tailored product demonstration?

Best regards,

[Your Name]"
emma@example.com,Tailored solution for Emma's team at [Company Name],"Hi Emma,

I hope you're having a great week. Given your team size of 15 and budget around $4,500, I wanted to share a tailored overview of how our platform can drive efficiency for your specific needs.

Would you be open to a brief 15-minute discovery call this week to discuss how we can fit within your scope and timeline? You can grab a time that works for you here: [Insert Calendar Link].

Best regards,

[Your Name]
[Your Title]"
