name,budget,company_size,subject,body
Sara,6000,20,Product Demo for Your Team,"Hi Sara,

I hope you're having a great week. I wanted to follow up and see if you'd be open to a brief, no-pressure product demo tailored for your team of 20.

We frequently work with companies of your size to help streamline operations within a flexible budget. Even if there is no immediate rush, a quick walkthrough can give you a clear idea of what's possible when the time is right.

Do you have 15 minutes next week for a quick chat?

Best regards,
[Your Name]"
Emma,4500,15,Boosting efficiency for your team at [Company Name],"Hi Emma,

I hope you're having a great week. I wanted to follow up and share how we've helped companies around the 15-employee mark streamline their workflows and maximize their return on investment.

Given your goals, I’d love to show you a quick, tailored walkthrough of how our platform can support your team.

Do you have 10 minutes next Tuesday or Wednesday for a brief call?

Best regards,

[Your Name]
[Your Title]"
